Title,Publisher,Issn,SJR,H index,Areas,Coverage,citescore,impact_factor
Ca-A Cancer Journal for Clinicians,John Wiley and Sons Inc,"15424863, 00079235",145.004,223,Medicine,1950-2025,1154.2,232.4
MMWR Recommendations and Reports,Centers for Disease Control and Prevention (CDC),"10575987, 15458601",41.754,155,"Environmental Science, Health Professions, Medicine, Social Sciences",1990-2024,14.7,75.11
Nature Reviews Molecular Cell Biology,Nature Research,"14710072, 14710080",37.353,531,Biochemistry. Genetics and Molecular Biology,2000-2025,150.9,90.2
Quarterly Journal of Economics,Oxford University Press,"00335533, 15314650",35.995,322,Economics. Econometrics and Finance,1886-2025,23.7,12.7
Nature Reviews Drug Discovery,Nature Research,"14741784, 14741776",30.506,412,"Medicine, Pharmacology. Toxicology and Pharmaceutics",2002-2025,181.8,101.8
Nature Reviews Clinical Oncology,Nature Publishing Group,"17594782, 17594774",28.675,238,Medicine,2009-2025,63.5,82.2
American Economic Review,American Economic Association,"19447981, 00028282",25.102,380,Economics. Econometrics and Finance,1973-1975. 1978-2024,15,11.6
Nature Reviews Cancer,Nature Publishing Group,"1474175X, 14741768",24.378,527,"Biochemistry. Genetics and Molecular Biology, Medicine",2001-2025,103.8,66.8
Journal of Finance,Wiley-Blackwell Publishing Ltd,"00221082, 15406261",22.836,370,"Business. Management and Accounting, Economics. Econometrics and Finance",1946-2025,11.2,9.5
Foundations and Trends in Machine Learning,Now Publishers Inc,"19358245, 19358237",22.797,42,Computer Science,2008-2024,202.9,25.4
Cell,Elsevier B.V.,"00928674, 10974172",22.612,925,Biochemistry. Genetics and Molecular Biology,1974-2025,74.8,42.5
Econometrica,Wiley-Blackwell Publishing Ltd,"00129682, 14680262",21.091,231,Economics. Econometrics and Finance,1974. 1977-1984. 1990-1991. 1994-2025,13.1,7.1
Nature Reviews Materials,Nature Publishing Group,20588437,19.43,215,"Energy, Materials Science",2016-2025,105.5,86.2
Review of Economic Studies,Oxford University Press,"00346527, 1467937X",19.166,177,Economics. Econometrics and Finance,1933-2025,12.7,6.4
New England Journal of Medicine,Massachussetts Medical Society,"00284793, 15334406",19.076,1231,Medicine,1945-2025,19.2,78.5
Annals of Oncology,Elsevier Ltd,"15698041, 09237534",19.072,311,Medicine,1990-2025,70.4,65.4
Cancer Cell,Cell Press,"15356108, 18783686",19.027,416,"Biochemistry. Genetics and Molecular Biology, Medicine",2002-2025,57.7,44.5
Nature Biotechnology,Nature Research,"15461696, 10870156",19.006,531,"Biochemistry. Genetics and Molecular Biology, Chemical Engineering, Engineering, Immunology and Microbiology",1989-2025,62,41.7
World Psychiatry,Wiley-Blackwell,17238617,18.419,153,Medicine,2007-2025,74,65.8
Nature Medicine,Nature Research,"1546170X, 10788956",18.333,653,"Biochemistry. Genetics and Molecular Biology, Medicine",1995-2025,91.9,50
Nature,Nature Research,"14764687, 00280836",18.288,1442,Multidisciplinary,1869-2025,48.5,70.2
Reviews of Modern Physics,American Physical Society,"00346861, 15390756",18.08,399,Physics and Astronomy,1929-2025,91.1,44.8
Nature Reviews Disease Primers,Nature Publishing Group,2056676X,17.995,210,Medicine,2015-2025,104.8,60.6
Journal of Financial Economics,Elsevier B.V.,0304405X,17.669,331,"Business. Management and Accounting, Economics. Econometrics and Finance",1974-2025,22,12
Nature Energy,Springer Nature,20587546,17.599,259,"Energy, Materials Science",2016-2025,78,60.1
Nature Reviews Immunology,Nature Research,"14741741, 14741733",17.458,486,"Immunology and Microbiology, Medicine",2001-2025,84.7,60.9
Nature Methods,Nature Research,"15487091, 15487105",17.251,408,Biochemistry. Genetics and Molecular Biology,2004-2025,36.2,32.1
Journal of Political Economy,University of Chicago Press,"00223808, 1537534X",17.087,225,Economics. Econometrics and Finance,1969. 1973-1974. 1979-1985. 1987-2024,11.6,6.3
Nature Genetics,Nature Research,"10614036, 15461718",16.586,660,Biochemistry. Genetics and Molecular Biology,1992-2025,56.3,29
Review of Financial Studies,Oxford University Press,"14657368, 08939454",16.546,250,"Business. Management and Accounting, Economics. Econometrics and Finance",1996-2025,15.5,5.4
Chemical Reviews,American Chemical Society,"15206890, 00092665",16.455,873,Chemistry,1924-2025,100.5,55.8
Nature Reviews Genetics,Nature Research,"14710056, 14710064",16.364,439,"Biochemistry. Genetics and Molecular Biology, Medicine",2000-2025,57.7,52
National Vital Statistics Reports,Public Health Services. US Dept of Health and Human Services,"15518922, 15518930",15.519,120,Social Sciences,1998-2024,53.1,NULL
MMWR Surveillance Summaries,Centers for Disease Control and Prevention (CDC),"15458636, 15460738",15.326,119,"Environmental Science, Health Professions, Medicine, Social Sciences",2002-2009. 2011-2024,81.8,49.8
Nature Reviews Methods Primers,Springer Nature,26628449,15.026,67,"Biochemistry. Genetics and Molecular Biology, Medicine",2021-2024,85,56
Nature Nanotechnology,Nature Publishing Group,"17483387, 17483395",14.612,444,"Chemical Engineering, Engineering, Materials Science, Physics and Astronomy",2006-2025,57.3,34.9
Living Reviews in Relativity,Springer International Publishing AG,"14338351, 23673613",14.562,101,Physics and Astronomy,1998-2025,84.8,62.5
Academy of Management Review,Academy of Management,03637425,14.402,320,Business. Management and Accounting,1978-1987. 1989-1991. 1996-2025,13.4,13.9
Nature Materials,Nature Publishing Group,"14764660, 14761122",14.204,583,"Chemistry, Engineering, Materials Science, Physics and Astronomy",2002-2025,55.5,38.5
IEEE Communications Surveys and Tutorials,Institute of Electrical and Electronics Engineers Inc.,1553877X,14.184,287,Engineering,2005-2025,86.2,46.7
Nature Catalysis,Nature Publishing Group,25201158,14.132,162,"Biochemistry. Genetics and Molecular Biology, Chemical Engineering",2018-2025,57.7,44.6
Academy of Management Annals,Academy of Management,"19416520, 19416067",13.877,119,Business. Management and Accounting,2010-2025,26.2,16.5
Nature Reviews Microbiology,Nature Research,"17401534, 17401526",13.861,393,"Immunology and Microbiology, Medicine",2003-2025,48.4,103.3
Annual Review of Psychology,Annual Reviews Inc.,"00664308, 15452085",13.786,298,Psychology,1950-1958. 1960-1963. 1965-2025,40.6,29.4
American Economic Journal: Macroeconomics,American Economic Association,"19457707, 19457715",13.528,88,Economics. Econometrics and Finance,2009-2024,9.8,5.7
Nature Reviews Earth and Environment,Springer International Publishing,2662138X,13.465,91,"Earth and Planetary Sciences, Environmental Science",2020-2025,70,71.5
Nature Reviews Chemistry,Nature Publishing Group,23973358,13.441,131,"Chemical Engineering, Chemistry",2017-2025,59.4,51.7
Journal of Marketing,American Marketing Association,"15477185, 00222429",13.394,296,"Business. Management and Accounting, Economics. Econometrics and Finance",1969. 1971. 1973. 1977. 1979-1981. 1995-2025,28.4,10.4
Journal of Economic Literature,American Economic Association,00220515,12.749,189,Economics. Econometrics and Finance,1981. 1984. 1986. 1996-2024,21.4,10.6
Annual Review of Organizational Psychology and Organizational Behavior,Annual Reviews Inc.,23270608,12.191,86,"Business. Management and Accounting, Psychology",2014-2025,35,31.1
The Lancet Diabetes and Endocrinology,Elsevier Ltd,"22138595, 22138587",12.19,189,"Biochemistry. Genetics and Molecular Biology, Medicine",2013-2025,64.2,41.8
Annual Review of Pathology: Mechanisms of Disease,Annual Reviews Inc.,"15534006, 15534014",12.185,156,"Agricultural and Biological Sciences, Medicine",2006-2021. 2023-2025,57,34.5
Journal of Econometrics,Elsevier B.V.,"03044076, 18726895",12.168,198,"Economics. Econometrics and Finance, Mathematics",1973-2025,12.9,4
Physiological Reviews,American Physiological Society,"15221210, 00319333",12.167,401,"Biochemistry. Genetics and Molecular Biology, Medicine",1945-2025,63.8,28.7
Immunity,Cell Press,"10974180, 10747613",12.163,475,"Immunology and Microbiology, Medicine",1994-2025,40.8,26.3
Signal Transduction and Targeted Therapy,Springer Nature,"20593635, 20959907",12.135,161,Biochemistry. Genetics and Molecular Biology,2016-2025,58.6,52.7
The Lancet,Elsevier B.V.,"01406736, 1474547X",12.113,936,Medicine,1823-2025,87.6,88.5
Cell Metabolism,Cell Press,"15504131, 19327420",11.989,368,Biochemistry. Genetics and Molecular Biology,2005-2025,45.5,30.9
Nature Cancer,Nature Research,26621347,11.941,81,"Biochemistry. Genetics and Molecular Biology, Medicine",2020-2025,34.2,28.5
The Lancet Neurology,Elsevier Ltd,"14744465, 14744422",11.729,379,Medicine,2002-2025,62.6,45.5
MMWR supplements,Epidemiology Program Office,"23808942, 23808950",11.672,30,Medicine,2016. 2020. 2022-2024,24.8,17.3
Nature Photonics,Nature Publishing Group,17494885,11.546,404,"Materials Science, Physics and Astronomy",2007-2025,56.3,32.9
Chemical Society Reviews,Royal Society of Chemistry,"03060012, 14604744",11.467,673,Chemistry,1972-2025,73.2,39
The Lancet Gastroenterology and Hepatology,Elsevier Ltd,24681253,11.398,123,Medicine,2016-2025,51.1,38.6
eLight,Springer,"26628643, 20971710",11.392,32,"Materials Science, Physics and Astronomy",2021-2025,48.5,32.1
The Lancet Oncology,Elsevier Ltd,"14702045, 14745488",11.319,432,Medicine,2000-2025,50.8,35.9
Journal of Clinical Oncology,Lippincott Williams and Wilkins,"15277755, 0732183X",11.205,646,"Biochemistry. Genetics and Molecular Biology, Medicine",1983-2025,38.9,41.9
Nature Neuroscience,Nature Research,"10976256, 15461726",11.197,496,Neuroscience,1998-2025,35.4,20
Nature Electronics,Nature Publishing Group,25201131,11.082,131,"Engineering, Materials Science, Physics and Astronomy",2018-2025,49.1,40.9
Joule,Cell Press,25424351,10.868,221,Energy,2017-2025,50.8,35.4
Kidney International Supplements,Elsevier B.V.,"21571716, 21571724",10.788,54,Medicine,2011-2022. 2024,46.2,89.6
Nature Reviews Cardiology,Nature Research,"17595010, 17595002",10.662,201,Medicine,2009-2025,56.1,44.2
Journal of Hepatology,Elsevier B.V.,"16000641, 01688278",10.575,319,Medicine,1985-2025,48.5,33
Reviews of Geophysics,John Wiley and Sons Inc,"19449208, 87551209",10.546,207,Earth and Planetary Sciences,1963-2025,54.4,37.3
Energy and Environmental Science,Royal Society of Chemistry,"17545692, 17545706",10.529,466,"Energy, Environmental Science",2008-2025,44,31
Academy of Management Journal,Academy of Management,00014273,10.528,396,Business. Management and Accounting,1975-1987. 1989-2025,17.8,10.5
Science,American Association for the Advancement of Science,"10959203, 00368075",10.416,1382,"Arts and Humanities, Multidisciplinary",1880-1881. 1883-2025,48.4,45.8
Administrative Science Quarterly,Johnson School at Cornell University,"00018392, 19303815",10.393,218,"Arts and Humanities, Social Sciences",1975-1987. 1989-1990. 1993-1994. 1996-2025,15.9,6.5
Nature Immunology,Nature Research,"15292908, 15292916",10.39,452,"Immunology and Microbiology, Medicine",2000-2025,38.2,27.6
Journal of Hematology and Oncology,BioMed Central Ltd,17568722,10.192,171,"Biochemistry. Genetics and Molecular Biology, Medicine",2008-2025,27.5,40.4
Organizational Research Methods,SAGE Publications Inc.,"15527425, 10944281",10.181,148,"Business. Management and Accounting, Decision Sciences",1998-2025,14.6,7.6
Strategic Management Journal,John Wiley and Sons Ltd,"10970266, 01432095",10.176,351,Business. Management and Accounting,1980-2025,16.8,7.2
Nature Biomedical Engineering,Nature Research,2157846X,10.105,140,"Biochemistry. Genetics and Molecular Biology, Chemical Engineering, Computer Science, Engineering, Medicine",2017-2025,49,26.6
Nature Reviews Gastroenterology and Hepatology,Nature Research,"17595045, 17595053",9.911,211,Medicine,2009-2025,51.1,51
Nature Reviews Physics,Springer International Publishing,25225820,9.803,87,Physics and Astronomy,2019-2025,47.8,39.5
Annual Review of Condensed Matter Physics,Annual Reviews Inc.,"19475454, 19475462",9.795,96,"Materials Science, Physics and Astronomy",2010-2024,40.1,30.7
eScience,KeAi Communications Co.,"20972431, 26671417",9.726,63,"Chemistry, Energy, Materials Science",2021-2025,48.8,36.6
Morbidity and Mortality Weekly Report,Department of Health and Human Services,"01492195, 1545861X",9.559,274,"Environmental Science, Health Professions, Medicine, Social Sciences",1981-2025,22.3,17.3
Astronomy and Astrophysics Review,Springer Verlag,"09354956, 14320754",9.465,84,"Earth and Planetary Sciences, Physics and Astronomy",1989-2000. 2002-2004. 2006-2025,35.2,27.8
Nature Reviews Neuroscience,Springer Nature,"14710048, 1471003X",9.331,493,Neuroscience,2000-2025,44.3,28.7
Cell Stem Cell,Cell Press,"19345909, 18759777",9.313,316,Biochemistry. Genetics and Molecular Biology,2007-2025,34,19.8
Molecular Cancer,BioMed Central Ltd,14764598,9.263,222,"Biochemistry. Genetics and Molecular Biology, Medicine",2002-2025,64.2,33.9
Endocrine Reviews,The Endocrine Society,"19457189, 0163769X",9.175,317,"Biochemistry. Genetics and Molecular Biology, Medicine",1980-2025,38.1,22
Acta Mathematica,Springer Netherlands,00015962,9.069,80,Mathematics,1882-1887. 1889-1895. 1897. 1899-1906. 1908-1914. 1916. 1920-1923. 1925-1942. 1944-2024,12.4,9.8
Molecular Cell,Cell Press,"10974164, 10972765",9.051,459,Biochemistry. Genetics and Molecular Biology,1997-2025,25.1,14.5
Journal of the American College of Cardiology,Elsevier Inc.,"15583597, 07351097",9.015,512,Medicine,1983-2025,42.3,22.3
Gut,BMJ Publishing Group,"14683288, 00175749",8.874,364,Medicine,1960-2025,39.5,23
Advanced Materials,Wiley-Blackwell,"09359648, 15214095",8.851,675,"Engineering, Materials Science",1989-2025,52,27.4
Cell Research,Springer Nature,"17487838, 10010602",8.74,232,Biochemistry. Genetics and Molecular Biology,1996-2025,51,25.9
Psychological Bulletin,American Psychological Association,"00332909, 19391455",8.696,379,"Arts and Humanities, Psychology",1904-2025,28.4,17
Circulation,Lippincott Williams and Wilkins,"00097322, 15244539",8.668,691,Medicine,1950-2025,58.2,35.5
Journal of Management,SAGE Publications Inc.,"01492063, 15571211",8.636,296,"Business. Management and Accounting, Economics. Econometrics and Finance",1975-2025,22.1,13.5
Annals of Mathematics,Department of Mathematics at Princeton University,0003486X,8.627,145,"Decision Sciences, Mathematics",1996-2025,8.5,4.9
American Economic Journal: Applied Economics,American Economic Association,"19457790, 19457782",8.597,117,Economics. Econometrics and Finance,2009-2024,7.2,5
Progress in Materials Science,Elsevier Ltd,"18732208, 00796425",8.566,255,Materials Science,1961. 1963. 1968-1970. 1972-1974. 1976. 1978-1986. 1988-2025,54.1,33.6
Journal of Consumer Research,Oxford University Press,"00935301, 15375277",8.562,234,"Arts and Humanities, Business. Management and Accounting, Economics. Econometrics and Finance, Social Sciences",1977-1978. 1984. 1996-2025,12.3,7
European Urology,Elsevier B.V.,"18737560, 03022838",8.529,274,Medicine,1975-2025,41.4,25.2
The Lancet Public Health,Elsevier Ltd,24682667,8.408,106,Medicine,2016-2025,45.3,25.2
Journal of Accounting Research,Wiley-Blackwell Publishing Ltd,"1475679X, 00218456",8.396,179,"Business. Management and Accounting, Economics. Econometrics and Finance",1996-2025,8.1,4.5
Advanced Energy Materials,John Wiley and Sons Inc,"16146832, 16146840",8.378,355,"Energy, Materials Science",2011-2025,43.2,24.4
JAMA Oncology,American Medical Association,"23742445, 23742437",8.377,193,"Biochemistry. Genetics and Molecular Biology, Medicine",2015-2025,36.1,20.1
Annual Review of Public Health,Annual Reviews Inc.,"01637525, 15452093",8.291,189,Medicine,1980-2020. 2022-2024,38.4,21.9
Journal of Economic Perspectives,American Economic Association,08953309,8.262,239,Economics. Econometrics and Finance,1992-1994. 1996-2025,16.2,9.9
Annual Review of Plant Biology,Annual Reviews Inc.,"15452123, 15435008",8.258,307,"Agricultural and Biological Sciences, Biochemistry. Genetics and Molecular Biology",1996-2024,37.1,21.4
Review of Finance,Oxford University Press,"1573692X, 15723097",8.22,83,"Business. Management and Accounting, Economics. Econometrics and Finance",2001-2002. 2004-2025,8.5,4.8
Science Immunology,American Association for the Advancement of Science,24709468,8.22,123,"Immunology and Microbiology, Medicine",2016-2025,28.1,17.6
Innovation,Cell Press,26666758,8.218,55,Multidisciplinary,2020-2025,33.2,33.2
Nano-Micro Letters,Open Access Science Online,"23116706, 21505551",8.188,146,"Engineering, Materials Science",2009-2025,53.1,36.3
Annual Review of Economics,Annual Reviews Inc.,"19411383, 19411391",8.094,84,Economics. Econometrics and Finance,2010-2024,14.2,8.5
Nature Climate Change,Nature Research,"17586798, 1758678X",8.046,296,"Environmental Science, Social Sciences",2011-2025,45.2,27.1
Progress in Energy and Combustion Science,Elsevier B.V.,03601285,8.031,243,"Chemical Engineering, Energy",1975-2025,60.1,37
Organization Science,INFORMS Institute for Operations Research and the Management Sciences,"15265455, 10477039",8.026,294,Business. Management and Accounting,1996-2025,11.4,5.4
Annual Review of Clinical Psychology,Annual Reviews Inc.,"15485951, 15485943",8.021,158,"Medicine, Psychology",2005-2024,25.3,15.2
Nature Reviews Bioengineering,Springer Nature,27316092,7.993,27,"Biochemistry. Genetics and Molecular Biology, Engineering, Immunology and Microbiology",2023-2025,20,37.6
Advances in Optics and Photonics,Optica Publishing Group (formerly OSA),19438206,7.982,91,"Environmental Science, Physics and Astronomy",2009-2024,39.2,23.8
Journal of Thoracic Oncology,Elsevier Inc.,"15561380, 15560864",7.948,190,Medicine,2006-2025,31.1,21
American Economic Journal: Economic Policy,American Economic Association,"19457731, 1945774X",7.94,97,Economics. Econometrics and Finance,2009-2024,7.1,4.9
Nature Reviews Endocrinology,Nature Publishing Group,"17595037, 17595029",7.884,224,"Biochemistry. Genetics and Molecular Biology, Medicine",2009-2025,56.1,40
Journal of Monetary Economics,Elsevier B.V.,03043932,7.872,158,Economics. Econometrics and Finance,1975-2025,8.2,4.8
Electrochemical Energy Reviews,Springer Science and Business Media B.V.,"25208136, 25208489",7.79,76,"Chemical Engineering, Chemistry, Energy, Materials Science",2018-2025,48.2,28.4
Nucleic Acids Research,Oxford University Press,"03051048, 13624962",7.776,675,Biochemistry. Genetics and Molecular Biology,1974-2025,29.2,16.9
Nature Cell Biology,Nature Research,"14764679, 14657392",7.711,420,Biochemistry. Genetics and Molecular Biology,1999-2025,28.4,17.3
Marketing Science,INFORMS Institute for Operations Research and the Management Sciences,"07322399, 1526548X",7.543,159,"Business. Management and Accounting, Economics. Econometrics and Finance",1996-2025,6.4,3.5
Nature Metabolism,Springer Berlin,25225812,7.529,92,"Biochemistry. Genetics and Molecular Biology, Medicine",2019-2025,29.1,18.9
Journal of Accounting and Economics,Elsevier B.V.,01654101,7.505,197,"Business. Management and Accounting, Economics. Econometrics and Finance",1979-2025,9.1,5.2
Journal of the European Economic Association,Wiley-Blackwell,"15424774, 15424766",7.503,125,Economics. Econometrics and Finance,2003-2025,7.4,4.4
The Lancet Psychiatry,Elsevier Ltd,"22150374, 22150366",7.458,160,"Medicine, Neuroscience",2014-2025,75.2,64.3
Living Reviews in Solar Physics,Springer International Publishing AG,"16144961, 23673648",7.431,74,"Earth and Planetary Sciences, Physics and Astronomy",2004-2024,30.1,20.5
Review of Economics and Statistics,MIT Press Journals,"00346535, 15309142",7.425,211,"Economics. Econometrics and Finance, Social Sciences",1978-2024,9.2,5.4
Interdisciplinary Materials,John Wiley and Sons Inc,"2767441X, 27674401",7.351,34,Materials Science,2022-2024,32.1,24.5
Nature Reviews Nephrology,Nature Publishing Group,"1759507X, 17595061",7.309,177,Medicine,2009-2025,45.1,28.6
Foundations and Trends in Signal Processing,Now Publishers Inc,"19328346, 19328354",7.305,22,Computer Science,2007-2014. 2016-2024,18.1,12
Nature Sustainability,Nature Publishing Group,23989629,7.292,146,"Agricultural and Biological Sciences, Energy, Environmental Science, Social Sciences",2018-2025,40.2,25.7
Cancer Discovery,American Association for Cancer Research Inc.,"21598274, 21598290",7.283,250,Medicine,2011-2025,52.1,33.3
Gastroenterology,W.B. Saunders,"15280012, 00165085",7.195,482,Medicine,1945-2025,42.1,25.7
Nature Physics,Nature Publishing Group,17452473,7.125,349,Physics and Astronomy,2005-2025,28.3,17.6
Annual Review of Neuroscience,Annual Reviews Inc.,"0147006X, 15454126",7.112,269,Neuroscience,1978-2024,26.2,14.3
Nature Aging,Springer,26628465,7.081,51,"Biochemistry. Genetics and Molecular Biology, Medicine, Neuroscience",2021-2025,22.1,16.6
Cell Host and Microbe,Cell Press,"19346069, 19313128",7.067,255,"Biochemistry. Genetics and Molecular Biology, Immunology and Microbiology",2007-2025,32.1,20.6
Nature Reviews Psychology,Nature Publishing Group,27310574,7.064,33,Psychology,2022-2025,17.9,16.8
Materials Science and Engineering R: Reports,Elsevier B.V.,0927796X,7.056,182,"Engineering, Materials Science, Physics and Astronomy",1993-2025,45.1,26.8
Journal of the American Mathematical Society,American Mathematical Society,"10886834, 08940347",7.033,116,Mathematics,1988-2025,10.2,6.1
IEEE Journal on Selected Areas in Communications,Institute of Electrical and Electronics Engineers Inc.,07338716,7.023,274,"Computer Science, Engineering",1983-2025,22.1,13.8
Neuro-Oncology,Oxford University Press,"15228517, 15235866",6.974,178,"Biochemistry. Genetics and Molecular Biology, Medicine",1999-2025,24.1,15.9
Journal of Marketing Research,American Marketing Association,"00222437, 15477193",6.961,212,"Business. Management and Accounting, Economics. Econometrics and Finance",1968. 1995-2025,12.2,6.1
Advances in Methods and Practices in Psychological Science,SAGE Publications Inc.,"25152459, 25152467",6.947,49,Psychology,2018-2025,18.1,15.5
Journal of the Academy of Marketing Science,Springer New York,"00920703, 15527824",6.896,221,"Business. Management and Accounting, Economics. Econometrics and Finance",1973-2025,18.2,9.5
Nature Microbiology,Nature Research,20585276,6.893,157,"Biochemistry. Genetics and Molecular Biology, Immunology and Microbiology, Medicine",2016-2025,28.2,15.5
Entrepreneurship Theory and Practice,SAGE Publications Ltd,"10422587, 15406520",6.876,212,"Business. Management and Accounting, Economics. Econometrics and Finance",2004-2025,18.2,10.5
Organization Theory,SAGE Publications Ltd,26317877,6.872,33,Business. Management and Accounting,2020-2024,12.9,5.1
The Lancet Digital Health,Elsevier Ltd,25897500,6.838,85,"Decision Sciences, Health Professions, Medicine",2019-2025,40.1,23.8
Journal of Applied Psychology,American Psychological Association,"19391854, 00219010",6.803,353,Psychology,1917-2025,16.1,9.4
ACS Energy Letters,American Chemical Society,23808195,6.799,223,"Chemistry, Energy, Materials Science",2016-2025,31.1,19.3
Annual Review of Medicine,Annual Reviews Inc.,"1545326X, 00664219",6.794,182,"Biochemistry. Genetics and Molecular Biology, Medicine",1950-1958. 1960-2025,24.2,15.1
The Lancet Respiratory Medicine,Elsevier Ltd,"22132619, 22132600",6.788,197,Medicine,2013-2025,68.1,38.7
Publications Mathematiques de l'Institut des Hautes Etudes Scientifiques,Springer Verlag,"16181913, 00738301",6.783,52,Mathematics,1959-2000. 2005-2025,6.9,3.5
Neuron,Cell Press,"10974199, 08966273",6.755,548,Neuroscience,1988-2025,24.2,14.7
Science Translational Medicine,American Association for the Advancement of Science,"19466234, 19466242",6.722,303,Medicine,2009-2025,28.1,17.1
Nature Chemistry,Nature Publishing Group,"17554330, 17554349",6.71,308,"Chemical Engineering, Chemistry",2009-2025,32.1,19.2
Clinical Psychology Review,Elsevier Inc.,"18737811, 02727358",6.617,269,"Medicine, Psychology",1981-2025,18.2,12.5
Acta Numerica,Cambridge University Press,"14740508, 09624929",6.61,91,Mathematics,1992-2024,29.2,11.3
Pharmacological Reviews,Elsevier Inc.,"15210081, 00316997",6.603,264,"Biochemistry. Genetics and Molecular Biology, Pharmacology. Toxicology and Pharmaceutics",1949. 1951-2025,30.1,19.3
Journal of Human Resources,University of Wisconsin Press,"15488004, 0022166X",6.588,129,"Business. Management and Accounting, Economics. Econometrics and Finance",1976-1982. 1990. 1992-2025,8.2,5.1
Annual Review of Marine Science,Annual Reviews Inc.,"19410611, 19411405",6.571,133,Earth and Planetary Sciences,2009-2025,22.2,14.3
Diabetes Care,American Diabetes Association Inc.,"19355548, 01495992",6.566,433,"Medicine, Nursing",1978-2025,26.1,14.8
Fungal Diversity,Springer Nature,"15602745, 18789129",6.546,136,"Agricultural and Biological Sciences, Environmental Science",1998-2025,36.1,20.3
Physical Review X,American Physical Society,21603308,6.415,198,Physics and Astronomy,2011-2025,20.1,11.6
Journal of Labor Economics,University of Chicago Press,"0734306X, 15375307",6.404,136,"Business. Management and Accounting, Economics. Econometrics and Finance",1985-1989. 1991. 1993. 1995-2024,8.1,4.4
Cancer Communications,"John Wiley &amp, Sons Inc.",25233548,6.403,94,"Biochemistry. Genetics and Molecular Biology, Medicine",2017-2025,25.1,16.2
The Lancet Planetary Health,Elsevier B.V.,25425196,6.386,90,"Medicine, Social Sciences",2017-2025,38.1,24.1
Innovation Geoscience,Innovation Press,29598753,6.384,2,"Earth and Planetary Sciences, Environmental Science",2024,6.2,9.6
American Journal of Political Science,Wiley-Blackwell Publishing Ltd,"00925853, 15405907",6.28,215,Social Sciences,1982. 1986. 1996-2025,9.1,5
International Journal of Information Management,Elsevier Ltd,02684012,6.26,196,"Business. Management and Accounting, Computer Science, Decision Sciences, Social Sciences",1970. 1986-2025,38.1,21
Qualitative Research in Psychology,Taylor and Francis Ltd.,"14780895, 14780887",6.248,56,Psychology,2004-2025,8.2,5.1
Proceedings of the IEEE,Institute of Electrical and Electronics Engineers Inc.,"15582256, 00189219",6.247,339,"Computer Science, Engineering",1963-2025,38.2,23.2
Cell Genomics,Cell Press,2666979X,6.238,31,Biochemistry. Genetics and Molecular Biology,2021-2025,18.1,11.1
JAMA Neurology,American Medical Association,"21686157, 21686149",6.237,284,Medicine,2013-2025,32.1,21.3
Journal of Business Venturing,Elsevier Inc.,08839026,6.234,235,Business. Management and Accounting,1985-2025,15.1,8.2
iMeta,John Wiley and Sons Inc,"2770596X, 27705986",6.223,28,"Biochemistry. Genetics and Molecular Biology, Immunology and Microbiology",2022-2025,36.1,23.7
Nature Structural and Molecular Biology,Nature Research,"15459993, 15459985",6.187,310,Biochemistry. Genetics and Molecular Biology,1998. 2004-2025,22.1,12.5
Inventiones Mathematicae,Springer New York,"00209910, 14321297",6.183,132,Mathematics,1966-2025,6.1,3.4
Nano Research Energy,Tsinghua University Press,"27910091, 27908119",6.16,40,"Chemistry, Energy, Materials Science",2022-2024,41.4,NULL
Progress in Polymer Science,Elsevier Ltd,00796700,6.089,346,"Chemistry, Materials Science, Physics and Astronomy",1967. 1970-1971. 1975. 1977-1978. 1980-1986. 1988-2025,42.1,26
Nature Food,Springer Nature,26621355,6.088,76,Agricultural and Biological Sciences,2020-2025,30.1,23.6
Analytic Methods in Accident Research,Elsevier B.V.,22136657,6.076,63,Social Sciences,2014-2025,23.3,12.6
Annual Review of Financial Economics,Annual Reviews Inc.,"19411367, 19411375",6.062,49,Economics. Econometrics and Finance,2010-2024,10.1,6.2
Journal of Service Research,SAGE Publications Inc.,"10946705, 15527379",6.011,156,"Business. Management and Accounting, Computer Science, Social Sciences",1998-2025,18.1,9.8
Chem,Elsevier Inc.,"24519308, 24519294",6.01,167,"Biochemistry. Genetics and Molecular Biology, Chemical Engineering, Chemistry, Environmental Science, Materials Science, Medicine",2016-2025,28.1,19.1
Nature Water,Springer Nature,27316084,5.962,27,Environmental Science,2023-2025,11,24.1
Science Robotics,American Association for the Advancement of Science,24709476,5.94,122,"Computer Science, Engineering, Mathematics",2016-2025,35.1,26.1
JAMA Cardiology,American Medical Association,"23806583, 23806591",5.936,127,Medicine,2016-2025,38.1,24
Cellular and Molecular Immunology,Springer Nature,"20420226, 16727681",5.916,135,"Immunology and Microbiology, Medicine",2004-2025,30.1,21.8
Nature Machine Intelligence,Springer International Publishing,25225839,5.876,94,Computer Science,2019-2025,30.1,18.8
The Lancet Global Health,Elsevier Ltd,"2572116X, 2214109X",5.87,153,Medicine,2013-2025,40.1,26.7
Nature Protocols,Springer Nature,"17502799, 17542189",5.854,320,Biochemistry. Genetics and Molecular Biology,2006-2025,22.1,13.1
Psychological Science in the Public Interest,SAGE Publications Inc.,"21600031, 15291006",5.852,62,Psychology,2000-2024,24.1,18.5
Progress in Retinal and Eye Research,Elsevier Ltd,"13509462, 18731635",5.838,200,"Medicine, Neuroscience",1994-2025,30.1,17.8
Journal of Experimental Medicine,Rockefeller University Press,"00221007, 15409538",5.834,503,"Immunology and Microbiology, Medicine",1896-1902. 1905-2025,25.1,15.3
Nature Reviews Neurology,Nature Research,"17594766, 17594758",5.828,225,"Medicine, Neuroscience",2009-2025,48.1,28.2
Blood,Elsevier B.V.,"15280020, 00064971",5.823,540,"Biochemistry. Genetics and Molecular Biology, Immunology and Microbiology, Medicine",1946-2025,32.1,21
Review of Accounting Studies,Springer New York,"15737136, 13806653",5.817,107,Business. Management and Accounting,1996-2025,8.1,4.8
Cement and Concrete Research,Elsevier Ltd,00088846,5.815,315,"Engineering, Materials Science",1971-2025,18.1,11.1
ACM Computing Surveys,Association for Computing Machinery (ACM),"03600300, 15577341",5.797,232,"Computer Science, Mathematics",1969-2025,38.1,23.8
Educational Psychologist,Routledge,"15326985, 00461520",5.794,163,Psychology,1963-2025,18.1,10.1
Energy Storage Materials,Elsevier B.V.,24058297,5.791,185,"Energy, Materials Science",2015-2025,30.1,18.9
JAMA Psychiatry,American Medical Association,"21686238, 2168622X",5.755,417,Medicine,2013-2025,35.1,22.5
Materials Today,Elsevier B.V.,"13697021, 18734103",5.755,244,"Engineering, Materials Science, Physics and Astronomy",1999. 2002-2025,38.1,21.9
Physics Reports,Elsevier B.V.,03701573,5.735,328,Physics and Astronomy,1971-2025,40.1,23.9
Annals of the Rheumatic Diseases,Elsevier B.V.,"00034967, 14682060",5.731,300,"Biochemistry. Genetics and Molecular Biology, Immunology and Microbiology, Medicine",1945-1948. 1950-2025,32.1,20.3
Management Science,INFORMS Institute for Operations Research and the Management Sciences,"00251909, 15265501",5.72,303,"Business. Management and Accounting, Decision Sciences",1969-2025,8.1,4.7
Genome Biology,BioMed Central Ltd,"1474760X, 14747596",5.71,319,"Agricultural and Biological Sciences, Biochemistry. Genetics and Molecular Biology",2000-2025,18.1,10.1
Journal of the National Cancer Institute,Oxford University Press,"14602105, 00278874",5.703,394,"Biochemistry. Genetics and Molecular Biology, Medicine",1940-2025,18.1,10.3
Carbon Energy,"John Wiley &amp, Sons Inc.",26379368,5.701,73,"Energy, Materials Science",2019-2025,32.1,19.5
InfoMat,John Wiley and Sons Ltd,25673165,5.683,86,Materials Science,2019-2025,32.1,22.3
Reports on Progress in Physics,IOP Publishing Ltd.,"13616633, 00344885",5.666,259,"Medicine, Physics and Astronomy",1934-1942. 1944. 1947. 1949-2025,28.1,18.1
National Center for Health Statistics Data Brief,Unknown Publisher,"19414927, 19414935",5.63,99,Medicine,2007-2024,19,NULL
Clinical Microbiology Reviews,American Society for Microbiology,"08938512, 10986618",5.594,340,"Immunology and Microbiology, Medicine",1988-2024,32.1,19
International Journal of Machine Tools and Manufacture,Elsevier Ltd,08906955,5.577,203,Engineering,1987-2025,20.1,14
European Journal of Heart Failure,John Wiley and Sons Ltd,"13889842, 18790844",5.559,185,Medicine,1999-2025,25.1,17.6
Hepatology,Lippincott Williams and Wilkins,"02709139, 15273350",5.557,415,Medicine,1981-2025,22.1,12.9
Journal of the American Chemical Society,American Chemical Society,"15205126, 00027863",5.554,734,"Biochemistry. Genetics and Molecular Biology, Chemical Engineering, Chemistry",1879-2025,25.1,14.4
Angewandte Chemie - International Edition,John Wiley and Sons Ltd,"14337851, 15213773",5.55,667,"Chemical Engineering, Chemistry",1962-2025,25.1,16.1
Nature Human Behaviour,Nature Publishing Group,23973374,5.537,113,"Neuroscience, Psychology",2017-2025,22.1,14.5
American Political Science Review,Cambridge University Press,"15375943, 00030554",5.532,215,Social Sciences,1906-2025,9.1,5.9
Nature Chemical Biology,Nature Research,"15524469, 15524450",5.521,272,Biochemistry. Genetics and Molecular Biology,2005-2025,22.1,12.9
Molecular Plant,Cell Press,"16742052, 17529867",5.519,178,"Agricultural and Biological Sciences, Biochemistry. Genetics and Molecular Biology",2008-2025,28.1,17.1
JNCCN Journal of the National Comprehensive Cancer Network,Harborside Press,"15401413, 15401405",5.514,162,Medicine,2003-2025,24.7,16.4
Nature Reviews Rheumatology,Nature Research,"17594790, 17594804",5.507,198,Medicine,2009-2025,45.1,29.4
Personality and Social Psychology Review,SAGE Publications Inc.,"10888683, 15327957",5.493,194,Psychology,1997-2025,18.1,12.5
Molecular Neurodegeneration,BioMed Central Ltd,17501326,5.488,126,"Biochemistry. Genetics and Molecular Biology, Medicine, Neuroscience",2006-2025,22.1,14.9
Journal of Management Studies,Wiley-Blackwell Publishing Ltd,"00222380, 14676486",5.465,233,Business. Management and Accounting,1964-2025,15.1,7.8
Trends in Cell Biology,Elsevier Ltd,"09628924, 18793088",5.455,271,Biochemistry. Genetics and Molecular Biology,1991-2025,30.1,19
The Lancet Infectious Diseases,Elsevier Ltd,"14744457, 14733099",5.446,304,Medicine,2001-2025,55.1,36.4
Advanced Functional Materials,Wiley-VCH Verlag,1616301X,5.439,428,"Chemistry, Materials Science, Physics and Astronomy",2000-2025,30.1,18.5
Accounts of Chemical Research,American Chemical Society,"00014842, 15204898",5.433,472,"Chemistry, Medicine",1968-2025,32.1,16.4
JACC: Cardiovascular Imaging,Elsevier Inc.,"1936878X, 18767591",5.426,169,Medicine,2008-2025,25.1,14
Personnel Psychology,Wiley-Blackwell,"00315826, 17446570",5.414,175,"Business. Management and Accounting, Psychology",1948-2025,14.1,8.2
Nature Synthesis,Nature Publishing Group,27310582,5.403,41,"Chemistry, Materials Science",2022-2025,15.4,20
Perspectives on Psychological Science,SAGE Publications Ltd,"17456916, 17456924",5.393,196,Psychology,2006-2025,18.1,11.6
Leadership Quarterly,Elsevier Inc.,10489843,5.393,202,"Business. Management and Accounting, Psychology, Social Sciences",1990-2025,18.1,10.5
Protein and Cell,Oxford University Press,"16748018, 1674800X",5.392,104,"Biochemistry. Genetics and Molecular Biology, Medicine, Pharmacology. Toxicology and Pharmaceutics",2010-2025,18.1,13.6
Economic Journal,Wiley-Blackwell,"14680297, 00130133",5.371,194,Economics. Econometrics and Finance,1973. 1979-1986. 1988-2024,7.1,3.7
Human Reproduction Update,Oxford University Press,"14602369, 13554786",5.357,227,Medicine,1995-2025,22.1,13.3
JAMA,American Medical Association,"15383598, 00987484",5.352,794,Medicine,1883-2025,48.2,63.1
PRX Quantum,American Physical Society,26913399,5.341,62,"Computer Science, Engineering, Materials Science, Mathematics, Physics and Astronomy",2020-2025,20,11
GigaScience,Oxford University Press,2047217X,5.314,98,"Computer Science, Medicine",2012-2025,20,3.9
Drug Resistance Updates,Churchill Livingstone,"13687646, 15322084",5.282,139,"Biochemistry. Genetics and Molecular Biology, Medicine, Pharmacology. Toxicology and Pharmaceutics",1998-2025,30.1,18.5
American Journal of Psychiatry,American Psychiatric Association,"0002953X, 15357228",5.27,405,Medicine,1945-2024,30.1,18.1
The Lancet Microbe,Elsevier Ltd,26665247,5.262,53,"Immunology and Microbiology, Medicine",2020-2025,32.1,20.9
American Economic Journal: Microeconomics,American Economic Association,"19457669, 19457685",5.225,58,Economics. Econometrics and Finance,2009-2024,7.1,4.1
JACC: Heart Failure,Elsevier Inc.,"22131787, 22131779",5.218,118,Medicine,2013-2025,22.1,12
Computers and Education: Artificial Intelligence,Elsevier B.V.,2666920X,5.217,51,"Computer Science, Social Sciences",2020-2025,18.1,12
Strategic Organization,SAGE Publications Ltd,"1741315X, 14761270",5.21,80,"Business. Management and Accounting, Social Sciences",2003-2025,13.8,3.8
EnergyChem,Elsevier B.V.,25897780,5.185,50,"Chemistry, Energy, Materials Science",2019-2025,35.1,20.1
Applied Catalysis B: Environmental,Elsevier B.V.,"18733883, 09263373",5.18,353,"Chemical Engineering, Environmental Science",1992-2025,32.1,20.2
Developmental Cell,Cell Press,"15345807, 18781551",5.18,306,Biochemistry. Genetics and Molecular Biology,2001-2025,18.1,10.7
The Lancet Healthy Longevity,Elsevier Ltd,26667568,5.166,43,"Medicine, Social Sciences",2020-2025,22.3,14.6
Annual Review of Biophysics,Annual Reviews Inc.,"19361238, 1936122X",5.152,178,"Biochemistry. Genetics and Molecular Biology, Chemical Engineering",2008-2024,21,13.7
Blood Cancer Journal,Springer Nature,20445385,5.139,85,Medicine,2011-2025,19.6,11.6
Nature Geoscience,Nature Publishing Group,"17520908, 17520894",5.138,280,Earth and Planetary Sciences,2008-2025,24.1,15.8
Advanced Powder Materials,KeAi Communications Co.,2772834X,5.1,40,"Chemical Engineering, Energy, Materials Science",2022-2025,39.1,24.9
JAMA Pediatrics,American Medical Association,"21686211, 21686203",5.085,231,Medicine,2013-2025,35.1,24.7
Genome Medicine,BioMed Central Ltd,1756994X,5.078,133,"Biochemistry. Genetics and Molecular Biology, Medicine",2009-2025,18.1,10.4
Journal of International Business Studies,Palgrave Macmillan,"00472506, 14786990",5.078,242,"Business. Management and Accounting, Economics. Econometrics and Finance",1975-2025,15.1,9.1
American Journal of Respiratory and Critical Care Medicine,American Thoracic Society,"1073449X, 15354970",5.076,436,Medicine,1991. 1994-2025,30.1,18.1
Academy of Management Perspectives,Academy of Management,15589080,5.063,165,Business. Management and Accounting,2006-2024,17.2,5.7
Organization Studies,SAGE Publications Ltd,"17413044, 01708406",5.032,187,Business. Management and Accounting,1980-2025,12.1,5.8
Light: Science and Applications,Nature Publishing Group,20477538,5.018,174,"Materials Science, Physics and Astronomy",2012-2025,32.1,19.4
Intensive Care Medicine,Springer Science and Business Media Deutschland GmbH,"14321238, 03424642",4.999,246,Medicine,1977-2025,45.1,27.1
European Heart Journal,Oxford University Press,"15229645, 0195668X",4.987,367,Medicine,1980-2025,60.1,37.6
International Organization,Cambridge University Press,"15315088, 00208183",4.977,168,"Business. Management and Accounting, Social Sciences",1947-2025,10.1,5.8
Cell Systems,Cell Press,"24054720, 24054712",4.943,98,"Biochemistry. Genetics and Molecular Biology, Medicine",2015-2025,18.1,9.4
The Lancet Haematology,Elsevier Ltd,"23523026, 24519960",4.936,103,Medicine,2014-2025,32.1,18.1
Psychological Methods,American Psychological Association,"1082989X, 19391463",4.925,195,"Arts and Humanities, Psychology",1996-2025,15.1,10.1
Psychotherapy and Psychosomatics,S. Karger AG,"00333190, 14230348",4.904,123,"Medicine, Psychology",1953-2025,18.1,16.3
Circulation Research,Lippincott Williams and Wilkins,"00097330, 15244571",4.897,402,"Biochemistry. Genetics and Molecular Biology, Medicine",1953-2025,30.1,17.1
Trends in Ecology and Evolution,Elsevier Ltd,"01695347, 18728383",4.876,396,Agricultural and Biological Sciences,1986-2025,24.1,14.3
Cell Death and Differentiation,Springer Nature,"13509047, 14765403",4.866,271,Biochemistry. Genetics and Molecular Biology,1994-2025,25.1,13.7
Information Systems Research,INFORMS Institute for Operations Research and the Management Sciences,"15265536, 10477047",4.85,192,"Business. Management and Accounting, Computer Science, Decision Sciences, Social Sciences",1990-2024,10.1,5.8
Health Psychology Review,Routledge,"17437202, 17437199",4.838,81,"Medicine, Psychology",2007. 2009-2025,22.5,9.7
EMBO Journal,Springer Science and Business Media Deutschland GmbH,"02614189, 14602075",4.821,441,"Biochemistry. Genetics and Molecular Biology, Immunology and Microbiology, Medicine, Neuroscience",1982-2025,20.1,11.1
Nature Plants,Nature Research,"2055026X, 20550278",4.815,148,Agricultural and Biological Sciences,2010. 2015-2025,25.1,15.8
Matter,Cell Press,"25902393, 25902385",4.804,111,Materials Science,2019-2025,28.1,17.3
Clinical Cancer Research,American Association for Cancer Research Inc.,"10780432, 15573265",4.8,392,"Biochemistry. Genetics and Molecular Biology, Medicine",1995-2025,18.1,10
Molecular Systems Biology,Springer Science and Business Media Deutschland GmbH,17444292,4.783,178,"Agricultural and Biological Sciences, Biochemistry. Genetics and Molecular Biology, Computer Science, Immunology and Microbiology, Mathematics, Medicine",2005-2025,15.4,7.7
Advanced Photonics,SPIE,25775421,4.777,55,"Engineering, Materials Science, Physics and Astronomy",2019-2024,32.1,20.6
Annals of Statistics,Institute of Mathematical Statistics,00905364,4.769,202,"Decision Sciences, Mathematics",1996-2024,9.2,2.9
Nature Communications,Nature Research,20411723,4.761,577,"Biochemistry. Genetics and Molecular Biology, Chemistry, Physics and Astronomy",2010-2025,23.2,14.7
Critical Finance Review,Now Publishers Inc,"21645760, 21645744",4.754,14,Economics. Econometrics and Finance,2017-2024,3.4,2.5
Trends in Cancer,Cell Press,"24058033, 24058025",4.727,101,"Biochemistry. Genetics and Molecular Biology, Medicine",2015-2025,25.1,18.4
